{
    "metadata": {
        "version": 3,
        "normals": 8,
        "generator": "io_three",
        "faces": 6,
        "vertices": 8,
        "materials": 2,
        "uvs": 1,
        "type": "Geometry"
    },
    "normals": [-0.577563,0.576678,0.577776,-0.576342,-0.577929,0.577746,0.578295,-0.5768,0.576891,0.577136,0.577929,0.576922,-0.578295,0.5768,-0.576891,0.576342,0.577929,-0.577746,0.577563,-0.576678,-0.577776,-0.577136,-0.577929,-0.576922],
    "faces": [43,0,2,3,1,0,0,1,2,3,0,1,2,3,43,5,6,7,4,0,4,5,6,7,4,5,6,7,43,3,2,4,7,1,4,5,6,7,2,1,7,6,43,1,3,7,6,1,4,5,6,7,3,2,6,5,43,0,1,6,5,1,4,5,6,7,0,3,5,4,43,2,0,5,4,1,4,5,6,7,1,0,4,7],
    "vertices": [-0.696345,4.43012,2.05471,0.337185,4.43114,2.05365,-0.693794,2.03453,2.05482,0.339736,2.03555,2.05376,-0.693848,2.03455,1.90724,-0.696399,4.43013,1.90713,0.337131,4.43116,1.90607,0.339682,2.03557,1.90618],
    "materials": [{
        "DbgName": "Material.010",
        "mapDiffuseWrap": ["RepeatWrapping","RepeatWrapping"],
        "transparent": false,
        "specularCoef": 50,
        "wireframe": false,
        "mapDiffuse": "5684022.jpeg",
        "depthWrite": true,
        "opacity": 1,
        "shading": "basic",
        "blending": "NormalBlending",
        "DbgColor": 15658734,
        "colorAmbient": [0.64,0.64,0.64],
        "visible": true,
        "depthTest": true,
        "DbgIndex": 0,
        "mapDiffuseRepeat": [1,1],
        "colorEmissive": [0,0,0],
        "colorSpecular": [0.5,0.5,0.5],
        "mapDiffuseAnisotropy": 1,
        "colorDiffuse": [0.8,0.8,0.8]
    },{
        "DbgName": "Material.011",
        "mapDiffuseWrap": ["RepeatWrapping","RepeatWrapping"],
        "transparent": false,
        "specularCoef": 50,
        "wireframe": false,
        "mapDiffuse": null,
        "depthWrite": true,
        "opacity": 1,
        "shading": "basic",
        "blending": "NormalBlending",
        "DbgColor": 15597568,
        "colorAmbient": [0.373761,0.04419,0.02801],
        "visible": true,
        "depthTest": true,
        "DbgIndex": 1,
        "mapDiffuseRepeat": [1.01,1.01],
        "colorEmissive": [0,0,0],
        "colorSpecular": [0.5,0.5,0.5],
        "mapDiffuseAnisotropy": 1,
        "colorDiffuse": [0.373761,0.04419,0.02801]
    }],
    "uvs": [[9.3e-05,0.999907,9.3e-05,9.3e-05,0.995856,9.3e-05,0.995856,0.999907,0,0,1,0,1,1,0,1]],
    "name": "Plane.001Geometry"
}