{
    "metadata": {
        "version": 3,
        "normals": 8,
        "generator": "io_three",
        "faces": 6,
        "vertices": 8,
        "materials": 2,
        "uvs": 1,
        "type": "Geometry"
    },
    "normals": [0.583209,0.578112,0.570605,0.582934,-0.57915,0.569842,0.571368,-0.575793,-0.584765,0.571642,0.576312,-0.583972,-0.571368,0.575793,0.584765,-0.582934,0.57915,-0.569842,-0.583209,-0.578112,-0.570605,-0.571642,-0.576312,0.583972],
    "faces": [43,0,2,3,1,1,0,1,2,3,0,1,2,3,43,5,6,7,4,1,4,5,6,7,4,5,6,7,43,3,2,4,7,0,8,8,8,8,2,1,7,6,43,1,3,7,6,0,8,8,8,8,3,2,6,5,43,0,1,6,5,0,8,8,8,8,0,3,5,4,43,2,0,5,4,0,8,8,8,8,1,0,4,7],
    "vertices": [-0.689827,4.4348,-0.069541,-0.688848,4.43541,-0.945077,-0.69064,2.05831,-0.071093,-0.689661,2.05891,-0.94663,-0.83553,2.05833,-0.067703,-0.834718,4.43482,-0.06615,-0.833739,4.43543,-0.941687,-0.834551,2.05893,-0.94324],
    "materials": [{
        "DbgName": "Material.013",
        "transparent": false,
        "specularCoef": 50,
        "wireframe": false,
        "depthWrite": true,
        "opacity": 1,
        "shading": "basic",
        "blending": "NormalBlending",
        "DbgColor": 15658734,
        "colorAmbient": [0.64,0.64,0.64],
        "visible": true,
        "depthTest": true,
        "DbgIndex": 0,
        "colorEmissive": [0,0,0],
        "colorSpecular": [0.5,0.5,0.5],
        "colorDiffuse": [0.64,0.64,0.64]
    },{
        "DbgName": "Material.014",
        "mapDiffuseWrap": ["RepeatWrapping","RepeatWrapping"],
        "transparent": false,
        "specularCoef": 50,
        "wireframe": false,
        "mapDiffuse": "1316518.jpeg",
        "depthWrite": true,
        "opacity": 1,
        "shading": "basic",
        "blending": "NormalBlending",
        "DbgColor": 15597568,
        "colorAmbient": [0.64,0.64,0.64],
        "visible": true,
        "depthTest": true,
        "DbgIndex": 1,
        "mapDiffuseRepeat": [1.01,1.01],
        "colorEmissive": [0,0,0],
        "colorSpecular": [0.5,0.5,0.5],
        "mapDiffuseAnisotropy": 1,
        "colorDiffuse": [0.64,0.64,0.64]
    }],
    "uvs": [[9.1e-05,0.999909,9.1e-05,9.1e-05,0.988508,9.1e-05,0.988507,0.999909,-0.0044,0.999937,0.995049,0.999937,0.995048,6.3e-05,-0.0044,6.3e-05,0,0]],
    "name": "Plane.005Geometry"
}