{
    "vertices": [-4.81161,2.89443,-3.32325,-4.81473,4.52775,-3.31962,-4.81384,4.52493,-2.04926,-4.81072,2.89161,-2.05289,-4.82108,3.00869,-2.1879,-4.82178,3.01091,-3.18771,-4.82446,4.41064,-3.1846,-4.82375,4.40842,-2.18479,-4.61431,2.89481,-3.32339,-4.61743,4.52813,-3.31976,-4.61654,4.52531,-2.0494,-4.61342,2.89199,-2.05302,-4.60369,3.0091,-2.18805,-4.60439,3.01132,-3.18786,-4.60707,4.41105,-3.18475,-4.60637,4.40883,-2.18494,-4.74785,4.34398,-2.23119,-4.68209,4.34411,-2.23124,-4.6803,3.07576,-3.14146,-4.74606,3.07563,-3.14141,-4.74849,4.34599,-3.13859,-4.68272,4.34612,-3.13864,-4.67966,3.07375,-2.23406,-4.74543,3.07362,-2.23401],
    "faces": [43,18,13,14,21,0,0,1,2,3,0,1,2,3,43,4,3,2,7,0,4,5,6,7,4,5,6,7,43,9,10,15,14,0,8,9,10,11,8,9,10,2,43,21,14,15,17,0,12,13,14,15,3,2,10,11,43,22,12,13,18,0,16,17,1,0,12,13,1,0,43,17,15,12,22,0,15,14,17,16,11,10,13,12,43,0,5,6,1,0,18,19,20,21,14,15,16,17,43,11,12,15,10,0,22,23,10,9,18,13,10,9,43,7,16,23,4,0,24,25,26,27,7,19,20,4,43,16,17,22,23,0,25,15,16,26,19,11,12,20,43,4,23,19,5,0,27,26,28,29,4,20,21,15,43,23,22,18,19,0,26,16,0,28,20,12,0,21,43,6,20,16,7,0,30,31,25,24,16,22,19,7,43,20,21,17,16,0,31,12,15,25,22,3,11,19,43,5,19,20,6,0,29,28,32,33,15,21,22,16,43,19,18,21,20,0,28,0,3,32,21,0,3,22,43,23,16,20,19,1,34,35,36,37,20,19,22,21,43,22,18,21,17,1,38,39,40,41,12,0,3,11,43,7,2,1,6,0,7,6,42,43,7,6,17,16,43,0,3,4,5,0,18,5,4,19,14,5,4,15,43,12,11,8,13,0,23,22,44,45,13,18,23,1,43,14,13,8,9,0,46,45,44,47,2,1,23,8,43,0,1,9,8,0,48,49,50,51,14,17,8,23,43,10,9,1,2,0,52,53,54,55,9,8,17,6,43,11,10,2,3,0,56,52,55,57,18,9,6,5,43,3,0,8,11,0,57,48,51,56,5,14,23,18],
    "uvs": [[-0.962247,-0.364225,-0.947148,-0.304584,-1.79859,-0.27282,-1.76126,-0.328292,-0.701327,0.666169,-0.785034,0.738241,-0.785034,-0.269653,-0.701328,-0.197581,-0.785705,-0.265709,-0.790674,0.518188,-0.862482,0.434255,-0.858571,-0.182693,1.08503,-0.468345,1.10909,-0.4241,0.572057,-0.384881,0.5573,-0.440726,-0.354284,-0.39806,-0.358949,-0.339089,-0.001119,0.740737,-0.084366,0.668133,-0.078865,-0.195601,0.005299,-0.267138,-1.79856,0.51501,-1.72623,0.431531,0.56058,-0.541525,0.554997,-0.481025,-0.356719,-0.437289,-0.371912,-0.495784,-0.964755,-0.404752,-0.960747,-0.460689,1.10782,-0.554648,1.08384,-0.499495,-1.7628,-0.362385,-1.79859,-0.40562,0.368724,0.597883,0.368724,0.229755,0.631672,0.229755,0.631673,0.597883,0.000199,0.492704,0.000199,0.229755,0.368327,0.229755,0.368327,0.492704,-0.001125,-0.272149,-0.084371,-0.199546,-1.79859,-0.268909,-1.72625,-0.185434,-0.8625,-0.188212,-0.790698,-0.272149,0.222861,0.863157,-0.785034,0.863157,-0.785034,0.74141,0.222861,0.74141,2.01467,0.741409,2.79859,0.741408,2.79859,0.863155,2.01467,0.863156,1.00678,0.74141,1.00678,0.863157]],
    "name": "Plane.004Geometry",
    "metadata": {
        "vertices": 24,
        "faces": 26,
        "uvs": 1,
        "materials": 2,
        "type": "Geometry",
        "version": 3,
        "generator": "io_three",
        "normals": 24
    },
    "materials": [{
        "blending": "NormalBlending",
        "colorEmissive": [0,0,0],
        "wireframe": false,
        "transparent": false,
        "depthWrite": true,
        "mapDiffuseWrap": ["RepeatWrapping","RepeatWrapping"],
        "depthTest": true,
        "colorAmbient": [0.64,0.64,0.64],
        "visible": true,
        "mapDiffuse": "new_wood.jpg",
        "mapDiffuseRepeat": [1.05,1.05],
        "specularCoef": 50,
        "mapDiffuseAnisotropy": 1,
        "DbgColor": 15658734,
        "opacity": 1,
        "colorSpecular": [0.5,0.5,0.5],
        "colorDiffuse": [1,1,1],
        "DbgIndex": 0,
        "shading": "basic",
        "DbgName": "Material.007"
    },{
        "blending": "NormalBlending",
        "colorEmissive": [0,0,0],
        "wireframe": false,
        "transparent": true,
        "depthWrite": true,
        "depthTest": true,
        "colorAmbient": [0.060549,0.337529,0.64],
        "visible": true,
        "specularCoef": 50,
        "DbgColor": 15597568,
        "opacity": 1,
        "colorSpecular": [0.5,0.5,0.5],
        "colorDiffuse": [0.060549,0.337529,0.64],
        "DbgIndex": 1,
        "shading": "basic",
        "DbgName": "Material.008"
    }],
    "normals": [0.654347,0.504715,0.563066,0.988159,0.11124,0.105472,0.988586,-0.107913,0.104984,0.65627,-0.504715,0.560808,-0.988586,0.107913,-0.104984,-0.560381,-0.58684,0.584429,-0.562609,0.58208,0.587024,-0.988159,-0.11124,-0.105472,0.560381,0.58684,-0.584429,0.561174,0.584216,0.586261,0.988433,-0.107456,-0.106845,0.655477,-0.502213,-0.563982,0.653554,0.507218,-0.561724,0.988006,0.111698,-0.106357,-0.561174,-0.584216,-0.586261,-0.988433,0.107456,0.106845,-0.988006,-0.111698,0.106357,-0.563433,0.584674,-0.583667,0.563433,-0.584674,0.583667,-0.654347,-0.504715,-0.563066,-0.65627,0.504715,-0.560808,-0.655477,0.502213,0.563982,-0.653554,-0.507218,0.561724,0.562609,-0.58208,-0.587024]
}