{
    "vertices": [-4.80629,2.93461,-2.03468,-4.80942,4.41972,-2.03476,-4.80853,4.42009,-3.29949,-4.8054,2.93499,-3.29942,-4.82259,3.00078,-3.1963,-4.82333,3.00047,-2.13783,-4.82618,4.35386,-2.13789,-4.82544,4.35417,-3.19637,-4.60855,2.93496,-2.03455,-4.61168,4.42006,-2.03462,-4.61079,4.42043,-3.29935,-4.60766,2.93533,-3.29928,-4.5909,3.00118,-3.19614,-4.59164,3.00088,-2.13767,-4.5945,4.35426,-2.13773,-4.59375,4.35457,-3.19621,-4.74563,4.31038,-3.16197,-4.67342,4.31051,-3.16192,-4.67145,3.04466,-2.17207,-4.74367,3.04454,-2.17212,-4.74633,4.31009,-2.17218,-4.67411,4.31022,-2.17213,-4.67075,3.04495,-3.16185,-4.74297,3.04482,-3.1619],
    "faces": [43,18,21,14,13,0,0,1,2,3,0,1,2,3,43,4,7,2,3,0,4,5,6,7,4,5,6,7,43,9,14,15,10,0,8,9,10,11,8,2,9,10,43,21,17,15,14,0,12,13,14,15,1,11,9,2,43,22,18,13,12,0,16,0,3,17,12,0,3,13,43,17,22,12,15,0,13,16,17,14,11,12,13,9,43,0,1,6,5,0,18,19,20,21,14,15,16,17,43,11,10,15,12,0,22,11,10,23,18,10,9,13,43,7,4,23,16,0,24,25,26,27,5,4,19,20,43,16,23,22,17,0,28,29,30,31,20,19,12,11,43,4,5,19,23,0,25,32,33,26,4,17,21,19,43,23,19,18,22,0,29,34,35,30,19,21,0,12,43,6,7,16,20,0,36,24,27,37,16,5,20,22,43,20,16,17,21,0,38,28,31,39,22,20,11,1,43,5,6,20,19,0,32,40,41,33,17,16,22,21,43,19,20,21,18,0,34,42,43,35,21,22,1,0,43,23,19,20,16,1,44,45,46,47,19,21,22,20,43,22,17,21,18,1,48,49,50,51,12,11,1,0,43,7,6,1,2,0,5,52,53,6,5,16,15,6,43,0,5,4,3,0,18,21,4,7,14,17,4,7,43,12,13,8,11,0,23,54,55,22,13,3,23,18,43,14,9,8,13,0,56,57,55,54,2,8,23,3,43,0,8,9,1,0,58,59,60,61,14,23,8,15,43,10,2,1,9,0,62,63,64,65,10,6,15,8,43,11,3,2,10,0,66,67,63,62,18,7,6,10,43,8,0,3,11,0,59,58,67,66,23,14,7,18],
    "metadata": {
        "vertices": 24,
        "normals": 24,
        "uvs": 1,
        "type": "Geometry",
        "version": 3,
        "faces": 26,
        "generator": "io_three",
        "materials": 2
    },
    "normals": [0.571551,0.565264,-0.594806,0.573534,-0.562914,-0.59508,0.990448,-0.072451,-0.11713,0.990173,0.076479,-0.116947,-0.990448,0.072451,0.11713,-0.990173,-0.076479,0.116947,-0.539262,0.591662,-0.599231,-0.536973,-0.593554,-0.599384,0.536973,0.593554,0.599384,0.990295,-0.072359,0.118412,0.537797,0.593707,-0.598498,0.572771,-0.563036,0.595721,0.570635,0.565142,0.595752,0.98999,0.07654,0.118442,-0.537797,-0.593707,0.598498,-0.540117,0.59151,0.598621,-0.98999,-0.07654,-0.118442,-0.990295,0.07239,-0.118442,0.540117,-0.59151,-0.598621,-0.573534,0.562914,0.59508,-0.571551,-0.565264,0.594806,-0.572771,0.563036,-0.595721,-0.570666,-0.565142,-0.595752,0.539262,-0.591662,0.599231],
    "uvs": [[-0.065154,0.281729,0.229075,0.399448,0.231199,0.423713,-0.083448,0.297824,0.291642,0.421307,0.29244,0.699914,0.215825,0.700735,0.216217,0.424158,-0.035132,0.009707,0.05145,0.006459,0.049889,0.293856,-0.033377,0.292545,0.229075,-0.299844,-0.009567,-0.232936,-0.024004,-0.252558,0.2312,-0.324108,-0.152621,0.049835,-0.176985,0.049838,0.212452,0.193976,0.21656,-0.092568,0.294728,-0.09283,0.293772,0.193926,-0.035607,0.468396,0.052358,0.467612,-0.432636,0.352395,-0.585515,0.049941,-0.561157,0.049939,-0.4182,0.332765,1.09002,0.877819,0.773116,0.877701,0.773116,0.859618,1.09002,0.859736,-0.492002,-0.198059,-0.473713,-0.181967,0.525272,0.877703,0.525272,0.85962,-0.17743,0.423919,-0.179555,0.399648,1.33786,0.877822,1.33786,0.859738,-0.17743,-0.324108,-0.179555,-0.299838,0.208384,0.877822,0.208384,0.859739,0.368724,0.597883,0.631673,0.597883,0.631672,0.229755,0.368724,0.229755,0.000199,0.492704,0.368327,0.492704,0.368327,0.229755,0.000199,0.229755,0.295836,0.961242,0.212289,0.960285,0.0517,0.64481,-0.03433,0.642582,0.049791,0.8488,-0.033751,0.847837,0.580259,0.809655,0.580259,0.85917,0.208384,0.859033,0.208384,0.809518,1.26883,0.859033,1.26883,0.809519,1.58552,0.809515,1.58552,0.85903,0.896952,0.859172,0.896952,0.809658]],
    "materials": [{
        "transparent": false,
        "DbgName": "Material.007",
        "DbgIndex": 0,
        "visible": true,
        "mapDiffuseWrap": ["RepeatWrapping","RepeatWrapping"],
        "colorDiffuse": [0.8,0.8,0.8],
        "blending": "NormalBlending",
        "depthWrite": true,
        "colorSpecular": [0.5,0.5,0.5],
        "mapDiffuse": "new_wood.jpg",
        "specularCoef": 50,
        "DbgColor": 15658734,
        "opacity": 1,
        "colorEmissive": [0,0,0],
        "mapDiffuseRepeat": [1.01,1.01],
        "depthTest": true,
        "colorAmbient": [0.64,0.64,0.64],
        "wireframe": false,
        "mapDiffuseAnisotropy": 1,
        "shading": "basic"
    },{
        "transparent": true,
        "DbgName": "Material.008",
        "DbgIndex": 1,
        "visible": true,
        "colorDiffuse": [0.060549,0.337529,0.64],
        "blending": "NormalBlending",
        "depthWrite": true,
        "colorSpecular": [0.5,0.5,0.5],
        "specularCoef": 50,
        "DbgColor": 15597568,
        "opacity": 0.5,
        "colorEmissive": [0,0,0],
        "depthTest": true,
        "colorAmbient": [0.060549,0.337529,0.64],
        "wireframe": false,
        "shading": "basic"
    }],
    "name": "Plane.004Geometry"
}