{
    "metadata": {
        "version": 3,
        "normals": 24,
        "generator": "io_three",
        "faces": 26,
        "vertices": 24,
        "materials": 2,
        "uvs": 1,
        "type": "Geometry"
    },
    "normals": [0.572222,0.563891,0.595416,0.990173,0.075686,0.117435,0.990448,-0.072237,0.117283,0.574206,-0.564348,0.593066,-0.990448,0.072237,-0.117283,-0.537156,-0.594867,0.597949,-0.539415,0.590167,0.600574,-0.990173,-0.075686,-0.117435,0.537156,0.594867,-0.597949,0.53798,0.592212,0.599841,0.990295,-0.071596,-0.1189,0.573443,-0.561663,-0.596362,0.571306,0.566576,-0.593738,0.98999,0.076327,-0.118564,-0.53798,-0.592212,-0.599841,-0.990295,0.071596,0.1189,-0.98999,-0.076327,0.118564,-0.5403,0.592822,-0.597156,0.5403,-0.592822,0.597156,-0.572222,-0.563891,-0.595416,-0.574206,0.564348,-0.593066,-0.573443,0.561663,0.596362,-0.571306,-0.566576,0.593738,0.539415,-0.590167,-0.600574],
    "faces": [43,18,13,14,21,0,0,1,2,3,0,1,2,3,43,4,3,2,7,0,4,5,6,7,4,5,6,7,43,9,10,15,14,0,8,9,10,11,8,9,10,2,43,21,14,15,17,0,12,13,14,15,3,2,10,11,43,22,12,13,18,0,16,17,1,0,12,13,1,0,43,17,15,12,22,0,15,14,17,16,11,10,13,12,43,0,5,6,1,0,18,19,20,21,14,15,16,17,43,11,12,15,10,0,22,23,10,9,18,13,10,9,43,7,16,23,4,0,24,25,26,27,7,19,20,4,43,16,17,22,23,0,28,29,30,31,19,11,12,20,43,4,23,19,5,0,27,26,32,33,4,20,21,15,43,23,22,18,19,0,31,30,34,35,20,12,0,21,43,6,20,16,7,0,36,37,25,24,16,22,19,7,43,20,21,17,16,0,38,39,29,28,22,3,11,19,43,5,19,20,6,0,33,32,40,41,15,21,22,16,43,19,18,21,20,0,35,34,42,43,21,0,3,22,43,23,16,20,19,1,44,45,46,47,20,19,22,21,43,22,18,21,17,1,48,49,50,51,12,0,3,11,43,7,2,1,6,0,7,6,52,53,7,6,17,16,43,0,3,4,5,0,18,5,4,19,14,5,4,15,43,12,11,8,13,0,23,22,54,55,13,18,23,1,43,14,13,8,9,0,56,55,54,57,2,1,23,8,43,0,1,9,8,0,58,59,60,61,14,17,8,23,43,10,9,1,2,0,62,63,64,65,9,8,17,6,43,11,10,2,3,0,66,62,65,67,18,9,6,5,43,3,0,8,11,0,67,58,61,66,5,14,23,18],
    "vertices": [-4.80998,2.97781,-3.28956,-4.81307,4.44412,-3.28597,-4.81219,4.44159,-2.02895,-4.8091,2.97528,-2.03254,-4.82606,3.04048,-2.13487,-4.8268,3.0426,-3.18689,-4.82962,4.37886,-3.18362,-4.82888,4.37674,-2.1316,-4.61476,2.97815,-3.28969,-4.61784,4.44446,-3.28611,-4.61696,4.44193,-2.02908,-4.61387,2.97562,-2.03267,-4.59732,3.04088,-2.13503,-4.59806,3.043,-3.18705,-4.60088,4.37926,-3.18378,-4.60014,4.37714,-2.13176,-4.75009,4.33359,-2.16589,-4.67879,4.33371,-2.16594,-4.67685,3.08615,-3.15275,-4.74815,3.08603,-3.1527,-4.75078,4.33557,-3.14964,-4.67948,4.33569,-3.14969,-4.67616,3.08417,-2.169,-4.74746,3.08405,-2.16895],
    "materials": [{
        "DbgName": "Material.007",
        "mapDiffuseWrap": ["RepeatWrapping","RepeatWrapping"],
        "transparent": false,
        "specularCoef": 50,
        "wireframe": false,
        "mapDiffuse": "new_wood.jpg",
        "depthWrite": true,
        "opacity": 1,
        "shading": "basic",
        "blending": "NormalBlending",
        "DbgColor": 15658734,
        "colorAmbient": [0.64,0.64,0.64],
        "visible": true,
        "depthTest": true,
        "DbgIndex": 0,
        "mapDiffuseRepeat": [1.01,1.01],
        "colorEmissive": [0,0,0],
        "colorSpecular": [0.5,0.5,0.5],
        "mapDiffuseAnisotropy": 1,
        "colorDiffuse": [0.64,0.64,0.64]
    },{
        "DbgName": "Material.008",
        "transparent": true,
        "specularCoef": 50,
        "wireframe": false,
        "depthWrite": true,
        "opacity": 0.5,
        "shading": "basic",
        "blending": "NormalBlending",
        "DbgColor": 15597568,
        "colorAmbient": [0.060549,0.337529,0.64],
        "visible": true,
        "depthTest": true,
        "DbgIndex": 1,
        "colorEmissive": [0,0,0],
        "colorSpecular": [0.5,0.5,0.5],
        "colorDiffuse": [0.060549,0.337529,0.64]
    }],
    "uvs": [[-0.820238,-0.604235,-0.823696,-0.651599,-0.309941,-0.331805,-0.353966,-0.313998,-0.250522,1.02652,-0.309169,1.07701,-0.309169,0.370864,-0.250523,0.421359,-0.49193,0.378617,-0.495411,0.927827,-0.545721,0.869022,-0.542981,0.436779,-0.820236,0.325968,-0.823694,0.373333,-1.20157,0.163444,-1.16319,0.135478,-1.16319,-0.413746,-1.20157,-0.441711,0.240054,1.07876,0.18173,1.02789,0.185584,0.422746,0.24455,0.372626,-1.20155,0.9256,-1.15087,0.867114,0.219854,-0.651599,0.214045,-0.604466,-0.266083,-0.337783,-0.309168,-0.357758,1.18158,1.1656,1.18158,1.19403,0.632352,1.19403,0.632352,1.1656,-0.266083,0.054522,-0.309169,0.074498,0.24005,1.19403,0.24005,1.1656,0.586819,-0.423177,0.547092,-0.397155,1.57389,1.1656,1.57389,1.19403,0.214052,0.321209,0.219862,0.368343,-0.309169,1.19403,-0.309169,1.1656,0.368724,0.597883,0.368724,0.229755,0.631672,0.229755,0.631673,0.597883,0.000199,0.492704,0.000199,0.229755,0.368327,0.229755,0.368327,0.492704,0.24005,0.369115,0.181727,0.419982,-1.20157,0.376375,-1.15089,0.434859,-0.545734,0.432913,-0.495428,0.374105,0.396978,1.16483,-0.309169,1.16483,-0.309169,1.07953,0.396978,1.07953,1.65235,1.07953,2.20157,1.07953,2.20157,1.16483,1.65235,1.16483,0.946202,1.07953,0.946202,1.16483]],
    "name": "Plane.004Geometry"
}